{"train/loss": 3.9005, "train/learning_rate": 5e-05, "train/epoch": 0.05, "train/global_step": 50, "_timestamp": 1698539513.8925807, "_runtime": 488.944073677063, "_step": 0}