{"train/loss": 0.5221, "train/learning_rate": 0.0002, "train/epoch": 3.0, "train/global_step": 4839, "_timestamp": 1698977870.1791744, "_runtime": 11752.761533498764, "_step": 192, "eval/loss": 1.2127583026885986, "eval/runtime": 1.0867, "eval/samples_per_second": 4.601, "eval/steps_per_second": 0.92, "train/train_runtime": 11668.6302, "train/train_samples_per_second": 0.829, "train/train_steps_per_second": 0.415, "train/total_flos": 2.833276226697216e+16, "train/train_loss": 0.8179415950944636}