{"train/loss": 0.2919, "train/learning_rate": 6.23632898655302e-13, "train/epoch": 6.0, "train/global_step": 18342, "_timestamp": 1698395790.220136, "_runtime": 30818.352784872055, "_step": 7336, "eval/loss": 1.4394949674606323, "eval/runtime": 0.9801, "eval/samples_per_second": 5.101, "eval/steps_per_second": 1.02, "train/train_runtime": 30752.84, "train/train_samples_per_second": 0.596, "train/train_steps_per_second": 0.596, "train/total_flos": 4.554015249383424e+16, "train/train_loss": 0.7781032223553814}