{"train/loss": 0.221, "train/learning_rate": 4.165386222703127e-08, "train/epoch": 6.0, "train/global_step": 4794, "_timestamp": 1698768442.7274444, "_runtime": 15609.716532468796, "_step": 190, "eval/loss": 1.35177743434906, "eval/runtime": 0.9842, "eval/samples_per_second": 5.08, "eval/steps_per_second": 1.016, "train/train_runtime": 15495.4395, "train/train_samples_per_second": 1.238, "train/train_steps_per_second": 0.309, "train/total_flos": 5.548308843803443e+16, "train/train_loss": 0.5720221555675623, "_wandb": {"runtime": 15586}}