{"train/loss": 0.6307, "train/learning_rate": 6.237030103495301e-13, "train/epoch": 3.0, "train/global_step": 9171, "_timestamp": 1698350024.9103127, "_runtime": 15728.339416742325, "_step": 3668, "eval/loss": 1.612897515296936, "eval/runtime": 1.0236, "eval/samples_per_second": 4.885, "eval/steps_per_second": 0.977, "train/train_runtime": 15625.9766, "train/train_samples_per_second": 0.587, "train/train_steps_per_second": 0.587, "train/total_flos": 2.277007624691712e+16, "train/train_loss": 1.0848247633935997}