{"train/loss": 0.7052, "train/learning_rate": 0.0, "train/epoch": 3.0, "train/global_step": 2400, "_timestamp": 1698693715.9920416, "_runtime": 7540.42160654068, "_step": 96, "eval/loss": 1.2913893461227417, "eval/runtime": 0.966, "eval/samples_per_second": 5.176, "eval/steps_per_second": 1.035, "train/train_runtime": 7405.5712, "train/train_samples_per_second": 1.296, "train/train_steps_per_second": 0.324, "train/total_flos": 2.734081630765056e+16, "train/train_loss": 0.9950735155741374}