{"train/loss": 0.481, "train/learning_rate": 0.0002, "train/epoch": 3.0, "train/global_step": 4842, "_timestamp": 1698831692.102679, "_runtime": 11492.562976121902, "_step": 192, "eval/loss": 1.0871368646621704, "eval/runtime": 0.9503, "eval/samples_per_second": 5.262, "eval/steps_per_second": 1.052, "train/train_runtime": 11434.3858, "train/train_samples_per_second": 0.847, "train/train_steps_per_second": 0.423, "train/total_flos": 2.721516435403776e+16, "train/train_loss": 0.8158592860691807}