{"train/loss": 0.8158, "train/learning_rate": 2.0407706084368815e-08, "train/epoch": 6.0, "train/global_step": 1560, "_timestamp": 1698582278.098254, "_runtime": 14666.064230918884, "_step": 66, "eval/loss": 1.4446195363998413, "eval/runtime": 1.0193, "eval/samples_per_second": 4.905, "eval/steps_per_second": 0.981, "train/train_runtime": 13732.0548, "train/train_samples_per_second": 1.362, "train/train_steps_per_second": 0.114, "train/total_flos": 4.965065599166054e+16, "train/train_loss": 1.0777560662000607}