{"train/loss": 0.5001, "train/learning_rate": 0.0002, "train/epoch": 3.0, "train/global_step": 4839, "_timestamp": 1699095907.0016742, "_runtime": 11685.826388120651, "_step": 192, "eval/loss": 1.2060960531234741, "eval/runtime": 1.023, "eval/samples_per_second": 4.888, "eval/steps_per_second": 0.978, "train/train_runtime": 11601.8277, "train/train_samples_per_second": 0.834, "train/train_steps_per_second": 0.417, "train/total_flos": 2.794128820973568e+16, "train/train_loss": 0.7996881070721369}