{"train/loss": 0.5497, "train/learning_rate": 0.0002, "train/epoch": 3.0, "train/global_step": 4647, "_timestamp": 1698875984.4581926, "_runtime": 11245.331152677536, "_step": 184, "eval/loss": 1.147646188735962, "eval/runtime": 1.007, "eval/samples_per_second": 4.965, "eval/steps_per_second": 0.993, "train/train_runtime": 11192.171, "train/train_samples_per_second": 0.83, "train/train_steps_per_second": 0.415, "train/total_flos": 2.6702121314304e+16, "train/train_loss": 0.8217758435650951}