{"train/loss": 1.1438, "train/learning_rate": 2.7572861278046813e-09, "train/epoch": 3.0, "train/global_step": 1209, "_timestamp": 1698848345.8827028, "_runtime": 11609.004980802536, "_step": 48, "eval/loss": 1.538438320159912, "eval/runtime": 1.0759, "eval/samples_per_second": 4.647, "eval/steps_per_second": 0.929, "train/train_runtime": 11391.8564, "train/train_samples_per_second": 0.85, "train/train_steps_per_second": 0.106, "train/total_flos": 2.8064607522594816e+16, "train/train_loss": 1.5134143095750074}