{"train/loss": 0.7122, "train/learning_rate": 1.4478085561835386e-07, "train/epoch": 3.0, "train/global_step": 2340, "_timestamp": 1698603772.4660978, "_runtime": 7254.922875881195, "_step": 92, "eval/loss": 1.3215906620025635, "eval/runtime": 0.9738, "eval/samples_per_second": 5.134, "eval/steps_per_second": 1.027, "train/train_runtime": 7223.048, "train/train_samples_per_second": 1.295, "train/train_steps_per_second": 0.324, "train/total_flos": 2.649277688758272e+16, "train/train_loss": 1.0002470554449618}