{"train/loss": 1.1071, "train/learning_rate": 2.7572861278046813e-09, "train/epoch": 3.0, "train/global_step": 1209, "_timestamp": 1699037956.5493755, "_runtime": 11725.610018491745, "_step": 48, "eval/loss": 1.5102356672286987, "eval/runtime": 1.0452, "eval/samples_per_second": 4.784, "eval/steps_per_second": 0.957, "train/train_runtime": 11590.43, "train/train_samples_per_second": 0.835, "train/train_steps_per_second": 0.104, "train/total_flos": 2.835930839634739e+16, "train/train_loss": 1.408090682144102}