{"train/loss": 0.9939, "train/learning_rate": 2e-05, "train/epoch": 3.0, "train/global_step": 1209, "_timestamp": 1699121768.9065895, "_runtime": 12634.04250049591, "_step": 48, "eval/loss": 1.4571453332901, "eval/runtime": 1.0139, "eval/samples_per_second": 4.931, "eval/steps_per_second": 0.986, "train/train_runtime": 11587.2114, "train/train_samples_per_second": 0.835, "train/train_steps_per_second": 0.104, "train/total_flos": 2.877601257947136e+16, "train/train_loss": 1.345323654913133}