{"train/loss": 0.6549, "train/learning_rate": 1.0515077583498346e-08, "train/epoch": 5.99, "train/global_step": 2334, "_timestamp": 1698523753.9131017, "_runtime": 22390.144676685333, "_step": 92, "eval/loss": 1.469592809677124, "eval/runtime": 1.0704, "eval/samples_per_second": 4.671, "eval/steps_per_second": 0.934, "train/train_runtime": 22134.8527, "train/train_samples_per_second": 0.845, "train/train_steps_per_second": 0.105, "train/total_flos": 5.247433138638029e+16, "train/train_loss": 1.032870820575835}