{"train/loss": 2.5198, "train/learning_rate": 0.000199974246309421, "train/epoch": 0.05, "train/global_step": 50, "_timestamp": 1698567351.448778, "_runtime": 186.48865294456482, "_step": 0}