{"train/loss": 1.1109, "train/learning_rate": 2.7572861278046813e-09, "train/epoch": 3.0, "train/global_step": 1209, "_timestamp": 1698956053.2422884, "_runtime": 11696.174394369125, "_step": 48, "eval/loss": 1.5594983100891113, "eval/runtime": 1.0369, "eval/samples_per_second": 4.822, "eval/steps_per_second": 0.964, "train/train_runtime": 11572.4052, "train/train_samples_per_second": 0.836, "train/train_steps_per_second": 0.104, "train/total_flos": 2.919271676259533e+16, "train/train_loss": 1.4939644153301532}