{"train/loss": 0.6185, "train/learning_rate": 1.904440437437316e-07, "train/epoch": 3.0, "train/global_step": 2448, "_timestamp": 1698794748.6794536, "_runtime": 7897.225646495819, "_step": 96, "eval/loss": 1.2517627477645874, "eval/runtime": 0.9836, "eval/samples_per_second": 5.083, "eval/steps_per_second": 1.017, "train/train_runtime": 7830.5705, "train/train_samples_per_second": 1.249, "train/train_steps_per_second": 0.313, "train/total_flos": 2.844367112177203e+16, "train/train_loss": 0.904207733721515}